order_id,txn_time_gmt7,service_group_name,service_name,payer_user_id,payer_user_type,payee_user_id,payee_user_type,amount,command_name,customer_id,merchant
1.80102E+22,2018-01-02 15:38:17 UTC,Fund-in,Fund-in - ATM,4,agent,6047,customer,95000,Payment,6047,
1.80102E+22,2018-01-02 22:10:54 UTC,Fund-in,Fund-in - ATM,4,agent,8000,customer,100000,Payment,8000,
1.80102E+22,2018-01-02 11:13:29 UTC,Fund-in,Fund-in - TPBank,13908,customer,13908,customer,100000,Payment,13908,
1.80102E+22,2018-01-02 20:18:25 UTC,Fund-in,Fund-in - TPBank,5,customer,5,customer,250000,Payment,5,
1.80102E+22,2018-01-02 17:04:26 UTC,Fund-in,Fund-in - Vietinbank,13335,customer,13335,customer,10000,Payment,13335,
1.80102E+22,2018-01-02 17:09:55 UTC,Fund-in,Fund-in - Vietinbank,13335,customer,13335,customer,3000000,Payment,13335,
1.80102E+22,2018-01-02 17:30:47 UTC,Fund-in,Fund-in - Vietinbank,13335,customer,13335,customer,10000000,Payment,13335,
1.80102E+22,2018-01-02 17:06:55 UTC,Fund-in,Fund-in - Vietinbank,13335,customer,13335,customer,1900000,Payment,13335,
1.80102E+22,2018-01-02 17:32:06 UTC,Fund-in,Fund-in - Vietinbank,13335,customer,13335,customer,1900000,Payment,13335,
1.80102E+22,2018-01-02 17:26:45 UTC,Fund-in,Fund-in - Vietinbank,4,customer,4,customer,1900000,Payment,4,
1.80102E+22,2018-01-02 18:02:55 UTC,Fund-out,Fund-out - Vietinbank,4,customer,4,customer,1500000,Payment,4,
1.80102E+22,2018-01-02 18:03:46 UTC,Fund-out,Fund-out - Vietinbank,4,customer,4,customer,400000,Payment,4,
1.80102E+22,2018-01-02 17:46:07 UTC,Fund-out,Fund-out - Vietinbank,4,customer,4,customer,20000,Payment,4,
1.80102E+22,2018-01-02 17:54:39 UTC,Fund-out,Fund-out - Vietinbank,13335,customer,13335,customer,3000000,Payment,13335,
1.80102E+22,2018-01-02 17:45:13 UTC,Fund-out,Fund-out - Vietinbank,13335,customer,13335,customer,50000,Payment,13335,
1.80102E+22,2018-01-02 22:14:03 UTC,TopUp,PIN Purchase - Viettel,8000,customer,5,agent,96500,Payment,8000,
1.80102E+22,2018-01-02 11:51:40 UTC,TopUp,PIN Purchase - Viettel,13908,customer,5,agent,96500,Payment,13908,
1.80102E+22,2018-01-02 18:25:24 UTC,TopUp,PIN Purchase - Viettel,13452,customer,5,agent,193000,Payment,13452,
1.80102E+22,2018-01-02 18:23:17 UTC,TopUp,PIN Purchase - Viettel,13452,customer,5,agent,193000,Payment,13452,
1.80102E+22,2018-01-02 10:32:44 UTC,TopUp,PIN Purchase - Viettel,227,customer,5,agent,48250,Payment,227,
1.80102E+22,2018-01-02 17:29:59 UTC,TopUp,PIN Purchase - Vinaphone,13827,customer,5,agent,9460,Payment,13827,
1.80102E+22,2018-01-02 15:43:01 UTC,TopUp,PIN Purchase - Vinaphone,2953,customer,5,agent,18920,Payment,2953,
1.80102E+22,2018-01-02 19:21:28 UTC,TopUp,PIN Purchase - Vinaphone,2953,customer,5,agent,9460,Payment,2953,
1.80102E+22,2018-01-02 14:53:21 UTC,TopUp,PIN Purchase - Vinaphone,5525,customer,5,agent,18920,Payment,5525,
1.80102E+22,2018-01-02 15:15:57 UTC,TopUp,PIN Purchase - Vinaphone,6047,customer,5,agent,47300,Payment,6047,
1.80102E+22,2018-01-02 15:38:35 UTC,TopUp,PIN Purchase - Vinaphone,6047,customer,5,agent,94600,Payment,6047,
1.80102E+22,2018-01-02 15:35:24 UTC,TopUp,PIN Purchase - Vinaphone,6047,customer,5,agent,47300,Payment,6047,
1.70922E+22,2017-09-23 01:52:38 UTC,Fund-in,Fund-in - ATM,4,agent,196,customer,300000,Payment,196,
1.70923E+22,2017-09-23 18:37:54 UTC,Virtual Card,Prepaid Card - Deduct,5,customer,2,agent,20000,Payment,5,GOOGLE
1.70923E+22,2017-09-23 18:36:48 UTC,Virtual Card,Prepaid Card - Deduct,5,customer,2,agent,20000,Payment,5,GOOGLE
1.70923E+22,2017-09-23 18:36:53 UTC,Virtual Card,Prepaid Card - Deduct,2,agent,5,customer,20000,Cancel,5,GOOGLE
1.70923E+22,2017-09-23 09:56:22 UTC,Virtual Card,Prepaid Card - Deduct,2,agent,5,customer,48500,Cancel,5,
1.70922E+22,2017-09-23 02:45:36 UTC,TopUp,PIN Purchase - Viettel,196,customer,5,agent,19300,Payment,196,
1.70923E+22,2017-09-23 08:31:26 UTC,TopUp,PIN Purchase - Viettel,46,customer,5,agent,48250,Payment,46,
1.70923E+22,2017-09-23 22:09:36 UTC,TopUp,PIN Purchase - Viettel,118,customer,5,agent,19300,Payment,118,
1.70923E+22,2017-09-23 14:23:47 UTC,TopUp,PIN Purchase - Mobifone,196,customer,5,agent,190000,Payment,196,
1.70923E+22,2017-09-23 14:44:40 UTC,Fund-in,Fund-in - TP Bank,5,customer,5,customer,10000,Payment,5,
1.70923E+22,2017-09-23 11:18:39 UTC,Fund-in,Fund-in - TP Bank,18,customer,18,customer,20000,Payment,18,
1.70923E+22,2017-09-23 12:35:17 UTC,Fund-out,Fund-out - TP Bank,38,customer,38,customer,20000,Payment,38,
1.70923E+22,2017-09-23 14:31:47 UTC,Fund-out,Fund-out - TP Bank,5,customer,5,customer,20000,Payment,5,
1.70923E+22,2017-09-23 12:42:11 UTC,Fund-out,Fund-out - TP Bank,3,customer,3,customer,20000,Payment,3,
1.70923E+22,2017-09-23 12:30:11 UTC,Fund-out,Fund-out - TP Bank,5,customer,5,customer,20000,Payment,5,
1.70923E+22,2017-09-23 12:31:15 UTC,Fund-out,Fund-out - TP Bank,5,customer,5,customer,20000,Payment,5,
1.70923E+22,2017-09-23 14:40:16 UTC,Fund-out,Fund-out - TP Bank,5,customer,5,customer,20000,Payment,5,
1.70923E+22,2017-09-23 13:41:51 UTC,Fund-out,Fund-out - TP Bank,5,customer,5,customer,20000,Payment,5,
1.70923E+22,2017-09-23 14:32:48 UTC,Fund-out,Fund-out - TP Bank,5,customer,5,customer,20000,Payment,5,
1.70923E+22,2017-09-23 14:43:09 UTC,Fund-out,Fund-out - TP Bank,5,customer,5,customer,20000,Payment,5,
1.70923E+22,2017-09-23 14:32:25 UTC,Fund-out,Fund-out - TP Bank,5,customer,5,customer,20000,Payment,5,
1.70923E+22,2017-09-23 14:33:27 UTC,Fund-out,Fund-out - TP Bank,5,customer,5,customer,20000,Payment,5,
1.70923E+22,2017-09-23 14:31:27 UTC,Fund-out,Fund-out - TP Bank,5,customer,5,customer,20000,Payment,5,
1.70923E+22,2017-09-23 10:43:17 UTC,Fund-in,Fund-in - TP Bank,1,customer,1,customer,50000,Payment,1,
1.71206E+22,2017-12-06 10:03:28 UTC,TopUp,PIN Purchase - Mobifone,7415,customer,5,agent,47500,Payment,7415,
1.71206E+22,2017-12-06 10:56:37 UTC,TopUp,PIN Purchase - Vinaphone,7415,customer,5,agent,47300,Payment,7415,
1.71206E+22,2017-12-07 03:09:51 UTC,TopUp,PIN Purchase - Mobifone,6087,customer,5,agent,19000,Payment,6087,
1.71206E+22,2017-12-06 15:06:38 UTC,TopUp,PIN Purchase - Mobifone,10646,customer,5,agent,95000,Payment,10646,
1.71206E+22,2017-12-06 16:10:13 UTC,Fund-in,Fund-in - TP Bank,13,customer,13,customer,200000,Payment,13,
1.71206E+22,2017-12-06 14:52:57 UTC,Fund-in,Fund-in - TP Bank,152,customer,152,customer,40000,Payment,152,
1.71206E+22,2017-12-06 21:10:36 UTC,Fund-in,Fund-in - TP Bank,43,customer,43,customer,40000,Payment,43,
1.71206E+22,2017-12-07 03:06:29 UTC,Fund-in,Fund-in - ATM,4,agent,6087,customer,20000,Payment,6087,
1.71206E+22,2017-12-06 09:33:03 UTC,Fund-in,Fund-in - ATM,4,agent,4,customer,10000,Payment,4,
1.71206E+22,2017-12-06 09:31:24 UTC,Fund-in,Fund-in - ATM,4,agent,4,customer,10000,Payment,4,
1.71206E+22,2017-12-06 09:38:57 UTC,Fund-in,Fund-in - ATM,4,agent,4,customer,10000,Payment,4,
1.80223E+22,2018-02-23 15:35:46 UTC,Fund-in,Fund-in - TPBank,18,customer,18,customer,20000,Payment,18,
1.80223E+22,2018-02-23 16:52:43 UTC,Fund-in,Fund-in - TPBank,121,customer,121,customer,10000,Payment,121,
1.80223E+22,2018-02-23 16:14:22 UTC,Fund-in,Fund-in - TPBank,4,customer,4,customer,12000,Payment,4,
1.80223E+22,2018-02-23 07:59:22 UTC,Fund-in,Fund-in - TPBank,26,customer,26,customer,300000,Payment,26,
1.80223E+22,2018-02-23 18:30:39 UTC,Fund-in,Fund-in - ATM,4,agent,37820,customer,38000,Payment,37820,
1.80223E+22,2018-02-23 19:08:45 UTC,Fund-in,Fund-in - ATM,4,agent,39086,customer,37900,Payment,39086,
1.80223E+22,2018-02-23 20:25:02 UTC,Fund-in,Fund-in - ATM,4,agent,37715,customer,38000,Payment,37715,
1.80223E+22,2018-02-23 21:21:00 UTC,Fund-in,Fund-in - ATM,4,agent,39409,customer,37000,Payment,39409,
1.80223E+22,2018-02-23 12:08:48 UTC,Fund-in,Fund-in - ATM,4,agent,24615,customer,10000,Payment,24615,
1.80223E+22,2018-02-23 09:37:22 UTC,Fund-in,Fund-in - ATM,4,agent,38970,customer,50000,Payment,38970,
1.80223E+22,2018-02-23 09:43:26 UTC,Fund-in,Fund-in - ATM,4,agent,37305,customer,167400,Payment,37305,
1.80223E+22,2018-02-23 15:33:05 UTC,Fund-in,Fund-in - ATM,4,agent,39254,customer,50000,Payment,39254,
1.80223E+22,2018-02-23 20:02:56 UTC,Fund-in,Fund-in - ATM,4,agent,39087,customer,50000,Payment,39087,
1.80223E+22,2018-02-23 19:00:36 UTC,Fund-in,Fund-in - ATM,4,agent,37889,customer,38000,Payment,37889,
1.80223E+22,2018-02-23 08:44:28 UTC,Fund-in,Fund-in - ATM,4,agent,37787,customer,38000,Payment,37787,
1.80223E+22,2018-02-23 12:44:12 UTC,Fund-in,Fund-in - ATM,4,agent,37955,customer,38000,Payment,37955,
1.80223E+22,2018-02-23 19:27:09 UTC,Fund-in,Fund-in - ATM,4,agent,39393,customer,70000,Payment,39393,
1.80223E+22,2018-02-23 14:58:25 UTC,Fund-in,Fund-in - ATM,4,agent,37900,customer,38000,Payment,37900,
1.80223E+22,2018-02-23 19:34:05 UTC,Fund-in,Fund-in - ATM,4,agent,39191,customer,48000,Payment,39191,
1.80223E+22,2018-02-23 18:59:41 UTC,Fund-in,Fund-in - ATM,4,agent,39084,customer,37900,Payment,39084,
1.80223E+22,2018-02-23 08:35:27 UTC,Fund-in,Fund-in - ATM,4,agent,38907,customer,50000,Payment,38907,
1.80223E+22,2018-02-23 12:29:25 UTC,Fund-in,Fund-in - ATM,4,agent,39112,customer,38000,Payment,39112,
1.80223E+22,2018-02-23 18:15:41 UTC,Fund-in,Fund-in - ATM,4,agent,37821,customer,38000,Payment,37821,
1.80223E+22,2018-02-23 20:18:33 UTC,Fund-in,Fund-in - ATM,4,agent,39090,customer,22400,Payment,39090,
1.80223E+22,2018-02-23 11:51:28 UTC,Fund-in,Fund-in - ATM,4,agent,38922,customer,37900,Payment,38922,
1.80223E+22,2018-02-23 09:10:18 UTC,Fund-in,Fund-in - ATM,4,agent,37305,customer,167400,Payment,37305,
1.80223E+22,2018-02-23 18:51:26 UTC,Fund-in,Fund-in - ATM,4,agent,37874,customer,10000,Payment,37874,
1.80223E+22,2018-02-23 09:51:15 UTC,Fund-in,Fund-in - ATM,4,agent,38991,customer,50000,Payment,38991,
1.80223E+22,2018-02-23 07:56:57 UTC,Fund-in,Fund-in - ATM,4,agent,38399,customer,2850000,Payment,38399,
1.80223E+22,2018-02-23 20:54:04 UTC,Fund-in,Fund-in - ATM,4,agent,39403,customer,112000,Payment,39403,
1.80223E+22,2018-02-23 09:36:48 UTC,Fund-in,Fund-in - ATM,4,agent,37763,customer,38000,Payment,37763,
1.80223E+22,2018-02-23 16:14:40 UTC,Fund-in,Fund-in - ATM,4,agent,37406,customer,38000,Payment,37406,
1.80223E+22,2018-02-23 16:31:12 UTC,Fund-in,Fund-in - ATM,4,agent,37835,customer,38000,Payment,37835,
1.80223E+22,2018-02-23 12:41:09 UTC,Fund-in,Fund-in - ATM,4,agent,39085,customer,167400,Payment,39085,
1.80223E+22,2018-02-23 10:06:44 UTC,Fund-in,Fund-in - ATM,4,agent,39004,customer,10000,Payment,39004,
1.80223E+22,2018-02-23 15:53:36 UTC,Fund-in,Fund-in - ATM,4,agent,37877,customer,38000,Payment,37877,
1.80223E+22,2018-02-23 10:00:26 UTC,Fund-in,Fund-in - ATM,4,agent,38997,customer,15000,Payment,38997,
1.80223E+22,2018-02-23 14:32:45 UTC,Fund-in,Fund-in - ATM,4,agent,37918,customer,21000,Payment,37918,
1.80223E+22,2018-02-23 12:54:57 UTC,Fund-in,Fund-in - ATM,4,agent,39098,customer,167400,Payment,39098,
1.80223E+22,2018-02-23 09:18:10 UTC,Fund-in,Fund-in - ATM,4,agent,37766,customer,38000,Payment,37766,
1.80223E+22,2018-02-23 07:55:23 UTC,Fund-in,Fund-in - ATM,4,agent,37802,customer,38000,Payment,37802,
1.80223E+22,2018-02-23 20:47:57 UTC,Fund-in,Fund-in - ATM,4,agent,39405,customer,56000,Payment,39405,
1.80223E+22,2018-02-23 18:28:43 UTC,Fund-in,Fund-in - ATM,4,agent,38928,customer,37900,Payment,38928,
1.80223E+22,2018-02-23 14:17:05 UTC,Fund-in,Fund-in - ATM,4,agent,37927,customer,38000,Payment,37927,
1.80223E+22,2018-02-23 10:27:10 UTC,Fund-in,Fund-in - ATM,4,agent,37738,customer,15000,Payment,37738,
1.80223E+22,2018-02-23 19:21:56 UTC,Fund-in,Fund-in - ATM,4,agent,37725,customer,38000,Payment,37725,
1.80223E+22,2018-02-23 12:53:10 UTC,Fund-in,Fund-in - ATM,4,agent,39113,customer,55000,Payment,39113,
1.80223E+22,2018-02-23 20:53:03 UTC,Fund-in,Fund-in - ATM,4,agent,37698,customer,38000,Payment,37698,
1.80223E+22,2018-02-23 14:03:17 UTC,Fund-in,Fund-in - ATM,4,agent,39156,customer,120000,Payment,39156,
1.80223E+22,2018-02-23 22:20:20 UTC,Fund-in,Fund-in - ATM,4,agent,33523,customer,48250,Payment,33523,
1.80223E+22,2018-02-23 11:43:11 UTC,Fund-in,Fund-in - ATM,4,agent,24539,customer,45000,Payment,24539,
1.80223E+22,2018-02-23 18:32:13 UTC,Fund-in,Fund-in - ATM,4,agent,24793,customer,17000,Payment,24793,
1.80223E+22,2018-02-23 14:45:17 UTC,Fund-in,Fund-in - ATM,4,agent,39201,customer,38000,Payment,39201,
1.80223E+22,2018-02-23 11:58:17 UTC,Fund-in,Fund-in - ATM,4,agent,36989,customer,38000,Payment,36989,
1.80223E+22,2018-02-23 14:42:05 UTC,Fund-in,Fund-in - ATM,4,agent,37914,customer,38000,Payment,37914,
1.80222E+22,2018-02-23 06:58:57 UTC,Fund-in,Fund-in - ATM,4,agent,36855,customer,38000,Payment,36855,
1.80223E+22,2018-02-23 15:09:40 UTC,Fund-in,Fund-in - ATM,4,agent,39222,customer,38000,Payment,39222,
1.80223E+22,2018-02-23 08:44:06 UTC,Fund-in,Fund-in - ATM,4,agent,38912,customer,50000,Payment,38912,
1.80223E+22,2018-02-23 15:28:46 UTC,Fund-in,Fund-in - ATM,4,agent,37899,customer,38000,Payment,37899,
1.80223E+22,2018-02-23 20:50:21 UTC,Fund-in,Fund-in - ATM,4,agent,39417,customer,37000,Payment,39417,
1.80223E+22,2018-02-23 19:10:39 UTC,Fund-in,Fund-in - ATM,4,agent,39199,customer,500000,Payment,39199,
1.80223E+22,2018-02-23 17:42:47 UTC,Fund-in,Fund-in - ATM,4,agent,39250,customer,334800,Payment,39250,
1.80223E+22,2018-02-23 13:41:13 UTC,Fund-in,Fund-in - ATM,4,agent,24926,customer,55000,Payment,24926,
1.80223E+22,2018-02-23 14:41:53 UTC,Fund-in,Fund-in - ATM,4,agent,39199,customer,50000,Payment,39199,
1.80223E+22,2018-02-23 08:37:09 UTC,Fund-in,Fund-in - ATM,4,agent,38837,customer,167400,Payment,38837,
1.80223E+22,2018-02-23 15:03:56 UTC,Fund-in,Fund-in - ATM,4,agent,39212,customer,38000,Payment,39212,
1.80223E+22,2018-02-23 19:04:34 UTC,Fund-in,Fund-in - ATM,4,agent,39083,customer,37900,Payment,39083,
1.80223E+22,2018-02-23 12:26:32 UTC,Fund-in,Fund-in - ATM,4,agent,39078,customer,167400,Payment,39078,
1.80223E+22,2018-02-23 15:48:25 UTC,Fund-in,Fund-in - ATM,4,agent,37897,customer,38000,Payment,37897,
1.80223E+22,2018-02-23 17:08:12 UTC,Fund-in,Fund-in - ATM,4,agent,38851,customer,85000,Payment,38851,
1.80223E+22,2018-02-23 15:16:49 UTC,Fund-in,Fund-in - ATM,4,agent,39229,customer,50000,Payment,39229,
1.80223E+22,2018-02-23 16:19:40 UTC,Fund-in,Fund-in - ATM,4,agent,37857,customer,38000,Payment,37857,
1.80223E+22,2018-02-23 09:25:07 UTC,Fund-in,Fund-in - ATM,4,agent,37305,customer,167400,Payment,37305,
1.80223E+22,2018-02-23 16:15:29 UTC,Fund-in,Fund-in - ATM,4,agent,39313,customer,50000,Payment,39313,
1.80223E+22,2018-02-23 11:38:04 UTC,Fund-in,Fund-in - ATM,4,agent,38827,customer,37900,Payment,38827,
1.80223E+22,2018-02-23 12:33:51 UTC,Fund-in,Fund-in - ATM,4,agent,37957,customer,38000,Payment,37957,
1.80223E+22,2018-02-23 13:49:41 UTC,Fund-in,Fund-in - ATM,4,agent,39141,customer,98000,Payment,39141,
1.80223E+22,2018-02-23 21:02:07 UTC,Fund-in,Fund-in - ATM,4,agent,39414,customer,37000,Payment,39414,
1.80223E+22,2018-02-23 14:35:42 UTC,Fund-in,Fund-in - ATM,4,agent,39196,customer,38000,Payment,39196,
1.80223E+22,2018-02-23 08:57:20 UTC,Fund-in,Fund-in - ATM,4,agent,38835,customer,55800,Payment,38835,
1.80223E+22,2018-02-23 10:18:38 UTC,Fund-in,Fund-in - ATM,4,agent,39024,customer,10000,Payment,39024,
1.80223E+22,2018-02-23 20:06:48 UTC,Fund-in,Fund-in - ATM,4,agent,24998,customer,10000,Payment,24998,
1.80223E+22,2018-02-23 20:31:02 UTC,Fund-in,Fund-in - ATM,4,agent,37713,customer,38000,Payment,37713,
1.80223E+22,2018-02-23 13:06:34 UTC,Fund-in,Fund-in - ATM,4,agent,39123,customer,38000,Payment,39123,
1.80223E+22,2018-02-23 09:01:46 UTC,Fund-in,Fund-in - ATM,4,agent,38920,customer,50000,Payment,38920,
1.80223E+22,2018-02-23 15:18:40 UTC,Fund-in,Fund-in - ATM,4,agent,39227,customer,38000,Payment,39227,
1.80223E+22,2018-02-23 09:27:43 UTC,Fund-in,Fund-in - ATM,4,agent,38962,customer,50000,Payment,38962,
1.80223E+22,2018-02-23 20:09:47 UTC,Fund-in,Fund-in - ATM,4,agent,35664,customer,50000,Payment,35664,
1.80223E+22,2018-02-23 10:51:55 UTC,Fund-in,Fund-in - ATM,4,agent,37737,customer,10000,Payment,37737,
1.80223E+22,2018-02-23 18:54:23 UTC,Fund-in,Fund-in - ATM,4,agent,37871,customer,33000,Payment,37871,
1.80222E+22,2018-02-23 06:26:25 UTC,Fund-in,Fund-in - ATM,4,agent,36883,customer,38000,Payment,36883,
1.80223E+22,2018-02-23 22:08:22 UTC,Fund-in,Fund-in - ATM,4,agent,33172,customer,48250,Payment,33172,
1.80223E+22,2018-02-23 13:05:12 UTC,Fund-in,Fund-in - ATM,4,agent,37946,customer,38000,Payment,37946,
1.80223E+22,2018-02-23 15:58:49 UTC,Fund-in,Fund-in - ATM,4,agent,37856,customer,38000,Payment,37856,
1.80223E+22,2018-02-24 00:56:46 UTC,Fund-in,Fund-in - ATM,4,agent,38152,customer,1000000,Payment,38152,
1.80223E+22,2018-02-23 12:42:43 UTC,Fund-in,Fund-in - ATM,4,agent,24539,customer,10000,Payment,24539,
1.80223E+22,2018-02-23 18:53:15 UTC,Fund-in,Fund-in - ATM,4,agent,38937,customer,37900,Payment,38937,
1.80223E+22,2018-02-23 15:25:46 UTC,Fund-in,Fund-in - ATM,4,agent,39242,customer,50000,Payment,39242,
1.80223E+22,2018-02-23 10:41:34 UTC,Fund-in,Fund-in - ATM,4,agent,37754,customer,15000,Payment,37754,
1.80223E+22,2018-02-23 13:30:39 UTC,Fund-in,Fund-in - ATM,4,agent,37929,customer,38000,Payment,37929,
1.80223E+22,2018-02-23 12:27:23 UTC,Fund-in,Fund-in - ATM,4,agent,39111,customer,15000,Payment,39111,
1.80223E+22,2018-02-23 21:36:11 UTC,Fund-in,Fund-in - ATM,4,agent,23571,customer,33000,Payment,23571,
1.80223E+22,2018-02-23 18:32:57 UTC,Fund-in,Fund-in - ATM,4,agent,39286,customer,334800,Payment,39286,
1.80223E+22,2018-02-23 07:24:23 UTC,Fund-in,Fund-in - ATM,4,agent,36857,customer,38000,Payment,36857,
1.80223E+22,2018-02-23 13:12:48 UTC,Fund-in,Fund-in - ATM,4,agent,39102,customer,55800,Payment,39102,
1.80223E+22,2018-02-23 20:00:58 UTC,Fund-in,Fund-in - ATM,4,agent,39400,customer,167400,Payment,39400,
1.80223E+22,2018-02-23 12:58:43 UTC,Fund-in,Fund-in - ATM,4,agent,37931,customer,38000,Payment,37931,
1.80223E+22,2018-02-23 08:18:37 UTC,Fund-in,Fund-in - ATM,4,agent,38152,customer,5000000,Payment,38152,
1.80223E+22,2018-02-23 12:18:46 UTC,Fund-in,Fund-in - ATM,4,agent,38402,customer,38000,Payment,38402,
1.80223E+22,2018-02-23 08:00:19 UTC,Fund-in,Fund-in - ATM,4,agent,37800,customer,38000,Payment,37800,
1.80223E+22,2018-02-23 09:51:28 UTC,Fund-in,Fund-in - ATM,4,agent,37757,customer,50000,Payment,37757,
1.80223E+22,2018-02-23 21:06:48 UTC,Fund-in,Fund-in - ATM,4,agent,39413,customer,37000,Payment,39413,
1.80223E+22,2018-02-23 09:11:24 UTC,Fund-in,Fund-in - ATM,4,agent,38947,customer,50000,Payment,38947,
1.80223E+22,2018-02-23 19:27:11 UTC,Fund-in,Fund-in - ATM,4,agent,37723,customer,38000,Payment,37723,
1.80223E+22,2018-02-23 19:12:04 UTC,Fund-in,Fund-in - ATM,4,agent,37885,customer,38000,Payment,37885,
1.80223E+22,2018-02-23 20:47:09 UTC,Fund-in,Fund-in - ATM,4,agent,37700,customer,38000,Payment,37700,
1.80223E+22,2018-02-23 16:08:48 UTC,Fund-in,Fund-in - ATM,4,agent,37858,customer,38000,Payment,37858,
1.80223E+22,2018-02-23 13:42:39 UTC,Fund-in,Fund-in - ATM,4,agent,39137,customer,50000,Payment,39137,
1.80223E+22,2018-02-23 21:11:14 UTC,Fund-in,Fund-in - ATM,4,agent,37690,customer,38000,Payment,37690,
1.80223E+22,2018-02-23 12:09:24 UTC,Fund-in,Fund-in - ATM,4,agent,38405,customer,38000,Payment,38405,
1.80223E+22,2018-02-23 14:52:26 UTC,Fund-in,Fund-in - ATM,4,agent,37921,customer,38000,Payment,37921,
1.80223E+22,2018-02-23 08:54:57 UTC,Fund-in,Fund-in - ATM,4,agent,37782,customer,38000,Payment,37782,
1.80223E+22,2018-02-23 09:43:32 UTC,Fund-in,Fund-in - ATM,4,agent,38981,customer,50000,Payment,38981,
1.80223E+22,2018-02-23 18:23:35 UTC,Fund-in,Fund-in - ATM,4,agent,38927,customer,37900,Payment,38927,
1.80223E+22,2018-02-23 13:07:47 UTC,Fund-in,Fund-in - ATM,4,agent,39102,customer,111600,Payment,39102,
1.80223E+22,2018-02-23 13:32:34 UTC,Fund-in,Fund-in - ATM,4,agent,39136,customer,50000,Payment,39136,
1.80223E+22,2018-02-23 08:30:42 UTC,Fund-in,Fund-in - ATM,4,agent,37788,customer,38000,Payment,37788,
1.80223E+22,2018-02-23 16:30:56 UTC,Fund-in,Fund-in - ATM,4,agent,39339,customer,50000,Payment,39339,
1.80223E+22,2018-02-23 07:41:59 UTC,Fund-in,Fund-in - ATM,4,agent,36866,customer,38000,Payment,36866,
1.80223E+22,2018-02-23 21:12:51 UTC,Fund-in,Fund-in - ATM,4,agent,39430,customer,167400,Payment,39430,
1.80223E+22,2018-02-23 20:28:58 UTC,Fund-in,Fund-in - ATM,4,agent,37976,customer,10000,Payment,37976,
1.80222E+22,2018-02-23 06:52:59 UTC,Fund-in,Fund-in - ATM,4,agent,36854,customer,38000,Payment,36854,
1.80223E+22,2018-02-23 20:10:08 UTC,Fund-in,Fund-in - ATM,4,agent,39087,customer,47500,Payment,39087,
1.80223E+22,2018-02-23 16:24:39 UTC,Fund-in,Fund-in - ATM,4,agent,37840,customer,38000,Payment,37840,
1.80223E+22,2018-02-23 13:19:43 UTC,Fund-in,Fund-in - ATM,4,agent,39130,customer,38000,Payment,39130,
1.80223E+22,2018-02-23 21:10:42 UTC,Fund-in,Fund-in - ATM,4,agent,39412,customer,37000,Payment,39412,
1.80223E+22,2018-02-23 18:44:17 UTC,Fund-in,Fund-in - ATM,4,agent,38935,customer,37900,Payment,38935,
1.80223E+22,2018-02-23 15:42:00 UTC,Fund-in,Fund-in - ATM,4,agent,39254,customer,200000,Payment,39254,
1.80223E+22,2018-02-23 14:30:54 UTC,Fund-in,Fund-in - ATM,4,agent,39191,customer,50000,Payment,39191,
1.80223E+22,2018-02-23 09:00:40 UTC,Fund-in,Fund-in - ATM,4,agent,37780,customer,38000,Payment,37780,
1.80223E+22,2018-02-23 08:17:57 UTC,Fund-in,Fund-in - ATM,4,agent,37791,customer,38000,Payment,37791,
1.80223E+22,2018-02-23 12:39:24 UTC,Fund-in,Fund-in - ATM,4,agent,39116,customer,38000,Payment,39116,
1.80223E+22,2018-02-23 19:11:19 UTC,Fund-in,Fund-in - ATM,4,agent,39315,customer,334800,Payment,39315,
1.80223E+22,2018-02-23 14:01:54 UTC,Fund-in,Fund-in - ATM,4,agent,39156,customer,98000,Payment,39156,
1.80223E+22,2018-02-23 12:43:44 UTC,Fund-in,Fund-in - ATM,4,agent,39111,customer,115000,Payment,39111,
1.80223E+22,2018-02-23 23:16:30 UTC,Fund-in,Fund-in - ATM,4,agent,13228,customer,50000,Payment,13228,
1.80223E+22,2018-02-23 22:27:42 UTC,Fund-in,Fund-in - ATM,4,agent,27127,customer,10000,Payment,27127,
1.80223E+22,2018-02-23 19:48:47 UTC,Fund-in,Fund-in - ATM,4,agent,39397,customer,70000,Payment,39397,
1.80223E+22,2018-02-23 18:42:42 UTC,Fund-in,Fund-in - ATM,4,agent,37874,customer,38000,Payment,37874,
1.80223E+22,2018-02-23 16:04:35 UTC,Fund-in,Fund-in - ATM,4,agent,39295,customer,50000,Payment,39295,
1.80223E+22,2018-02-23 18:56:28 UTC,Fund-in,Fund-in - ATM,4,agent,26149,customer,17500,Payment,26149,
1.80223E+22,2018-02-23 16:23:31 UTC,Fund-in,Fund-in - ATM,4,agent,39330,customer,50000,Payment,39330,
1.80223E+22,2018-02-23 09:20:59 UTC,Fund-in,Fund-in - ATM,4,agent,38958,customer,50000,Payment,38958,
1.80223E+22,2018-02-23 07:13:41 UTC,Fund-in,Fund-in - ATM,4,agent,36908,customer,38000,Payment,36908,
1.80223E+22,2018-02-23 16:36:46 UTC,Fund-in,Fund-in - ATM,4,agent,37834,customer,38000,Payment,37834,
1.80223E+22,2018-02-23 10:58:51 UTC,Fund-in,Fund-in - ATM,4,agent,37734,customer,10000,Payment,37734,
1.80223E+22,2018-02-23 22:30:18 UTC,Fund-in,Fund-in - ATM,4,agent,38152,customer,2600000,Payment,38152,
1.80223E+22,2018-02-23 20:03:47 UTC,Fund-in,Fund-in - ATM,4,agent,39090,customer,50000,Payment,39090,
1.80223E+22,2018-02-23 11:40:50 UTC,Fund-in,Fund-in - ATM,4,agent,36892,customer,34000,Payment,36892,
1.80222E+22,2018-02-23 06:38:35 UTC,Fund-in,Fund-in - ATM,4,agent,36881,customer,38000,Payment,36881,
1.80223E+22,2018-02-23 12:47:12 UTC,Fund-in,Fund-in - ATM,4,agent,39122,customer,38000,Payment,39122,
1.80223E+22,2018-02-23 09:12:58 UTC,Fund-in,Fund-in - ATM,4,agent,37776,customer,38000,Payment,37776,
1.80223E+22,2018-02-23 11:47:49 UTC,Fund-in,Fund-in - ATM,4,agent,23499,customer,50000,Payment,23499,
1.80223E+22,2018-02-23 12:32:01 UTC,Fund-in,Fund-in - ATM,4,agent,39111,customer,142000,Payment,39111,
1.80223E+22,2018-02-23 13:56:12 UTC,Fund-in,Fund-in - ATM,4,agent,39144,customer,98000,Payment,39144,
1.80223E+22,2018-02-23 18:01:23 UTC,Fund-in,Fund-in - ATM,4,agent,37822,customer,38000,Payment,37822,
1.80223E+22,2018-02-23 19:06:19 UTC,Fund-in,Fund-in - ATM,4,agent,37887,customer,38000,Payment,37887,
1.80223E+22,2018-02-23 21:25:15 UTC,Fund-in,Fund-in - ATM,4,agent,39408,customer,37000,Payment,39408,
1.80223E+22,2018-02-23 20:40:01 UTC,Fund-in,Fund-in - ATM,4,agent,37707,customer,38000,Payment,37707,
1.80223E+22,2018-02-23 18:39:19 UTC,Fund-in,Fund-in - ATM,4,agent,38934,customer,37900,Payment,38934,
1.80223E+22,2018-02-23 08:07:47 UTC,Fund-in,Fund-in - ATM,4,agent,37799,customer,38000,Payment,37799,
1.80223E+22,2018-02-23 07:36:27 UTC,Fund-in,Fund-in - ATM,4,agent,36865,customer,38000,Payment,36865,
1.80223E+22,2018-02-23 21:17:08 UTC,Fund-in,Fund-in - ATM,4,agent,39410,customer,37150,Payment,39410,
1.80223E+22,2018-02-23 19:38:12 UTC,Fund-in,Fund-in - ATM,4,agent,39395,customer,70000,Payment,39395,
1.80223E+22,2018-02-23 13:09:46 UTC,Fund-in,Fund-in - ATM,4,agent,39124,customer,110000,Payment,39124,
1.80223E+22,2018-02-23 09:31:18 UTC,Fund-in,Fund-in - ATM,4,agent,37764,customer,38000,Payment,37764,
1.80223E+22,2018-02-23 20:12:34 UTC,Fund-in,Fund-in - ATM,4,agent,35664,customer,2450000,Payment,35664,
1.80223E+22,2018-02-23 07:51:04 UTC,Fund-in,Fund-in - ATM,4,agent,36871,customer,38000,Payment,36871,
1.80223E+22,2018-02-23 22:13:03 UTC,Fund-in,Fund-in - ATM,4,agent,33232,customer,48250,Payment,33232,
1.80223E+22,2018-02-23 07:06:43 UTC,Fund-in,Fund-in - ATM,4,agent,36914,customer,38000,Payment,36914,
1.80223E+22,2018-02-23 14:23:59 UTC,Fund-in,Fund-in - ATM,4,agent,39184,customer,60000,Payment,39184,
1.80223E+22,2018-02-23 14:48:31 UTC,Fund-in,Fund-in - ATM,4,agent,35070,customer,9000000,Payment,35070,
1.80223E+22,2018-02-23 20:54:34 UTC,Fund-in,Fund-in - ATM,4,agent,39416,customer,37000,Payment,39416,
1.80223E+22,2018-02-23 21:31:23 UTC,Fund-in,Fund-in - ATM,4,agent,39407,customer,37000,Payment,39407,
1.80223E+22,2018-02-23 16:37:41 UTC,Fund-in,Fund-in - ATM,4,agent,38925,customer,37900,Payment,38925,
1.80223E+22,2018-02-23 13:24:31 UTC,Fund-in,Fund-in - ATM,4,agent,37943,customer,38000,Payment,37943,
1.80223E+22,2018-02-23 19:13:11 UTC,Fund-in,Fund-in - ATM,4,agent,26149,customer,10000,Payment,26149,
1.80223E+22,2018-02-23 13:16:07 UTC,Fund-in,Fund-in - ATM,4,agent,37945,customer,38000,Payment,37945,
1.80223E+22,2018-02-23 21:05:04 UTC,Fund-in,Fund-in - ATM,4,agent,37696,customer,38000,Payment,37696,
1.80223E+22,2018-02-23 13:55:29 UTC,Fund-in,Fund-in - ATM,4,agent,16510,customer,55000,Payment,16510,
1.80223E+22,2018-02-23 13:29:17 UTC,Fund-in,Fund-in - ATM,4,agent,39135,customer,38000,Payment,39135,
1.80223E+22,2018-02-23 10:12:19 UTC,Fund-in,Fund-in - ATM,4,agent,39012,customer,10100,Payment,39012,
1.80223E+22,2018-02-23 09:43:16 UTC,Fund-in,Fund-in - ATM,4,agent,37758,customer,38000,Payment,37758,
1.80223E+22,2018-02-23 07:29:13 UTC,Fund-in,Fund-in - ATM,4,agent,36863,customer,38000,Payment,36863,
1.80223E+22,2018-02-23 20:22:52 UTC,Fund-in,Fund-in - ATM,4,agent,39088,customer,37000,Payment,39088,
1.80223E+22,2018-02-23 17:26:45 UTC,Fund-in,Fund-in - ATM,4,agent,39386,customer,75000,Payment,39386,
1.80223E+22,2018-02-23 09:28:04 UTC,Virtual Card,Prepaid Card - Deduct,38,customer,2,agent,40170,Payment,38,
1.80223E+22,2018-02-23 14:32:47 UTC,Virtual Card,Prepaid Card - Deduct,39137,customer,2,agent,58498,Payment,39137,Vultr.com
1.80223E+22,2018-02-23 12:49:10 UTC,Virtual Card,Prepaid Card - Deduct,39111,customer,2,agent,122026,Payment,39111,PAYPAL
1.80223E+22,2018-02-23 14:16:57 UTC,Virtual Card,Prepaid Card - Deduct,39136,customer,2,agent,58498,Payment,39136,Vultr.com
1.80223E+22,2018-02-23 19:44:23 UTC,Virtual Card,Prepaid Card - Deduct,38851,customer,2,agent,18404,Payment,38851,FACEBK
1.80223E+22,2018-02-23 09:14:42 UTC,Virtual Card,Prepaid Card - Deduct,234,customer,2,agent,240000,Payment,234,CJ
1.80223E+22,2018-02-23 13:00:59 UTC,Virtual Card,Prepaid Card - Deduct,39111,customer,2,agent,58498,Payment,39111,Vultr.com
1.80223E+22,2018-02-23 19:03:37 UTC,Virtual Card,Prepaid Card - Deduct,38851,customer,2,agent,20600,Payment,38851,FACEBK
1.80223E+22,2018-02-23 09:56:03 UTC,Virtual Card,Prepaid Card - Deduct,37305,customer,2,agent,1000,Payment,37305,Vi
1.80223E+22,2018-02-23 12:38:43 UTC,Virtual Card,Prepaid Card - Deduct,39111,customer,2,agent,116996,Payment,39111,LINODE.COM
1.80223E+22,2018-02-23 16:52:52 UTC,Virtual Card,Prepaid Card - Deduct,38851,customer,2,agent,58498,Payment,38851,Vultr.com
1.80223E+22,2018-02-23 17:42:18 UTC,Virtual Card,Prepaid Card - Deduct,38851,customer,2,agent,20600,Payment,38851,FACEBK
1.80223E+22,2018-02-23 15:42:34 UTC,Virtual Card,Prepaid Card - Deduct,39254,customer,2,agent,118415,Payment,39254,FACEBK
1.80223E+22,2018-02-23 18:56:18 UTC,Virtual Card,Prepaid Card - Deduct,38851,customer,2,agent,20600,Payment,38851,FACEBK
1.80223E+22,2018-02-23 17:20:07 UTC,Virtual Card,Prepaid Card - Deduct,38869,customer,2,agent,58498,Payment,38869,Vultr.com
1.80223E+22,2018-02-23 22:42:09 UTC,Virtual Card,Prepaid Card - Deduct,38947,customer,2,agent,23405,Payment,38947,FACEBK
1.80223E+22,2018-02-23 17:57:52 UTC,Virtual Card,Prepaid Card - Deduct,39229,customer,2,agent,58498,Payment,39229,Vultr.com
1.80223E+22,2018-02-23 15:42:27 UTC,Virtual Card,Prepaid Card - Deduct,39254,customer,2,agent,20600,Payment,39254,FACEBK
1.80223E+22,2018-02-23 18:04:29 UTC,Virtual Card,Prepaid Card - Deduct,38851,customer,2,agent,20600,Payment,38851,FACEBK
1.80223E+22,2018-02-23 21:39:49 UTC,Virtual Card,Prepaid Card - Deduct,38912,customer,2,agent,23400,Payment,38912,FACEBK
1.80223E+22,2018-02-23 17:42:14 UTC,Virtual Card,Prepaid Card - Deduct,38907,customer,2,agent,20600,Payment,38907,FACEBK
1.80223E+22,2018-02-23 14:18:24 UTC,Virtual Card,Prepaid Card - Deduct,39111,customer,2,agent,20600,Payment,39111,FACEBK
1.80223E+22,2018-02-23 19:43:35 UTC,Virtual Card,Prepaid Card - Deduct,39242,customer,2,agent,58498,Payment,39242,Vultr.com
1.80223E+22,2018-02-23 13:19:01 UTC,Virtual Card,Prepaid Card - Deduct,39124,customer,2,agent,58498,Payment,39124,Vultr.com
1.80223E+22,2018-02-23 15:47:37 UTC,Virtual Card,Prepaid Card - Deduct,39141,customer,2,agent,58498,Payment,39141,Vultr.com
1.80223E+22,2018-02-23 15:52:30 UTC,Virtual Card,Prepaid Card - Deduct,39144,customer,2,agent,58498,Payment,39144,Vultr.com
1.80223E+22,2018-02-23 21:24:07 UTC,Virtual Card,Prepaid Card - Deduct,38912,customer,2,agent,23400,Payment,38912,FACEBK
1.80223E+22,2018-02-23 15:39:10 UTC,Virtual Card,Prepaid Card - Deduct,39254,customer,2,agent,20600,Payment,39254,FACEBK
1.80223E+22,2018-02-23 18:08:48 UTC,Virtual Card,Prepaid Card - Deduct,2,agent,38851,customer,20600,Cancel,38851,FACEBK
1.80223E+22,2018-02-23 15:40:15 UTC,Virtual Card,Prepaid Card - Deduct,2,agent,39254,customer,20600,Cancel,39254,FACEBK
1.80223E+22,2018-02-23 21:40:16 UTC,Virtual Card,Prepaid Card - Deduct,2,agent,38912,customer,23400,Cancel,38912,FACEBK
1.80223E+22,2018-02-23 22:43:08 UTC,Virtual Card,Prepaid Card - Deduct,2,agent,38947,customer,23405,Cancel,38947,FACEBK
1.80223E+22,2018-02-23 09:57:03 UTC,Virtual Card,Prepaid Card - Deduct,2,agent,37305,customer,1000,Cancel,37305,Vi
1.80223E+22,2018-02-23 18:57:11 UTC,Virtual Card,Prepaid Card - Deduct,2,agent,38851,customer,20600,Cancel,38851,FACEBK
1.80223E+22,2018-02-23 19:04:23 UTC,Virtual Card,Prepaid Card - Deduct,2,agent,38851,customer,20600,Cancel,38851,FACEBK
1.80223E+22,2018-02-23 21:25:07 UTC,Virtual Card,Prepaid Card - Deduct,2,agent,38912,customer,23400,Cancel,38912,FACEBK
1.80223E+22,2018-02-23 15:43:03 UTC,Virtual Card,Prepaid Card - Deduct,2,agent,39254,customer,20600,Cancel,39254,FACEBK
1.80223E+22,2018-02-23 19:45:05 UTC,Virtual Card,Prepaid Card - Deduct,2,agent,38851,customer,18404,Cancel,38851,FACEBK
1.80223E+22,2018-02-23 10:22:42 UTC,BillPay,Billpay - Napas - Postpaid - Mobifone,37950,customer,24,agent,10000,Payment,37950,
1.80223E+22,2018-02-23 12:44:36 UTC,Money Transfer,Money Transfer - P2P,30739,customer,39111,customer,10000,Payment,30739,
1.80223E+22,2018-02-23 19:00:20 UTC,Money Transfer,Money Transfer - P2P,38937,customer,39084,customer,12100,Payment,38937,
1.80223E+22,2018-02-23 10:02:11 UTC,Money Transfer,Money Transfer - P2P,38997,customer,30739,customer,15000,Payment,38997,
1.80223E+22,2018-02-23 20:23:11 UTC,Money Transfer,Money Transfer - P2P,39090,customer,39088,customer,13000,Payment,39090,
1.80223E+22,2018-02-23 14:15:13 UTC,Money Transfer,Money Transfer - P2P,30739,customer,39111,customer,25000,Payment,30739,
1.80223E+22,2018-02-23 14:33:27 UTC,Money Transfer,Money Transfer - P2P,39191,customer,30739,customer,12000,Payment,39191,
1.80223E+22,2018-02-23 09:15:57 UTC,Money Transfer,Money Transfer - P2P,38947,customer,30739,customer,12100,Payment,38947,
1.80223E+22,2018-02-23 20:50:54 UTC,Money Transfer,Money Transfer - P2P,39088,customer,39417,customer,13000,Payment,39088,
1.80223E+22,2018-02-23 11:52:00 UTC,Money Transfer,Money Transfer - P2P,38827,customer,38922,customer,12100,Payment,38827,
1.80223E+22,2018-02-23 08:40:48 UTC,Money Transfer,Money Transfer - P2P,38907,customer,30739,customer,12100,Payment,38907,
1.80223E+22,2018-02-23 16:20:24 UTC,Money Transfer,Money Transfer - P2P,249,customer,11296,customer,160000,Payment,249,
1.80223E+22,2018-02-23 17:11:52 UTC,Money Transfer,Money Transfer - P2P,39191,customer,38869,customer,60000,Payment,39191,
1.80223E+22,2018-02-23 18:24:16 UTC,Money Transfer,Money Transfer - P2P,38925,customer,38927,customer,12100,Payment,38925,
1.80223E+22,2018-02-23 18:39:46 UTC,Money Transfer,Money Transfer - P2P,38928,customer,38934,customer,12100,Payment,38928,
1.80223E+22,2018-02-23 21:21:22 UTC,Money Transfer,Money Transfer - P2P,39410,customer,39409,customer,13000,Payment,39410,
1.80223E+22,2018-02-23 13:06:31 UTC,Money Transfer,Money Transfer - P2P,39111,customer,30739,customer,16000,Payment,39111,
1.80223E+22,2018-02-23 15:30:45 UTC,Money Transfer,Money Transfer - P2P,5582,customer,4,customer,300000,Payment,5582,
1.80223E+22,2018-02-23 18:47:44 UTC,Money Transfer,Money Transfer - P2P,38934,customer,38935,customer,12100,Payment,38934,
1.80223E+22,2018-02-23 14:05:49 UTC,Money Transfer,Money Transfer - P2P,39156,customer,39137,customer,60000,Payment,39156,
1.80223E+22,2018-02-23 20:55:02 UTC,Money Transfer,Money Transfer - P2P,39417,customer,39416,customer,13000,Payment,39417,
1.80223E+22,2018-02-23 19:09:16 UTC,Money Transfer,Money Transfer - P2P,39083,customer,39086,customer,12100,Payment,39083,
1.80223E+22,2018-02-23 11:38:43 UTC,Money Transfer,Money Transfer - P2P,38822,customer,38827,customer,12100,Payment,38822,
1.80223E+22,2018-02-23 10:13:53 UTC,Money Transfer,Money Transfer - P2P,39012,customer,30739,customer,10000,Payment,39012,
1.80223E+22,2018-02-23 18:34:30 UTC,Money Transfer,Money Transfer - P2P,38927,customer,38928,customer,12100,Payment,38927,
1.80223E+22,2018-02-23 09:40:25 UTC,Money Transfer,Money Transfer - P2P,38970,customer,30739,customer,12100,Payment,38970,
1.80223E+22,2018-02-23 14:58:12 UTC,Money Transfer,Money Transfer - P2P,39199,customer,38851,customer,12000,Payment,39199,
1.80223E+22,2018-02-23 20:13:02 UTC,Money Transfer,Money Transfer - P2P,39087,customer,39090,customer,13000,Payment,39087,
1.80223E+22,2018-02-23 09:04:01 UTC,Money Transfer,Money Transfer - P2P,38920,customer,30739,customer,12100,Payment,38920,
1.80223E+22,2018-02-23 09:24:11 UTC,Money Transfer,Money Transfer - P2P,38958,customer,30739,customer,12100,Payment,38958,
1.80223E+22,2018-02-23 16:41:18 UTC,Money Transfer,Money Transfer - P2P,39156,customer,39191,customer,60000,Payment,39156,
1.80223E+22,2018-02-23 21:07:15 UTC,Money Transfer,Money Transfer - P2P,39414,customer,39413,customer,13000,Payment,39414,
1.80223E+22,2018-02-23 21:25:39 UTC,Money Transfer,Money Transfer - P2P,39409,customer,39408,customer,13000,Payment,39409,
1.80223E+22,2018-02-23 19:05:07 UTC,Money Transfer,Money Transfer - P2P,39084,customer,39083,customer,12100,Payment,39084,
1.80223E+22,2018-02-23 21:17:34 UTC,Money Transfer,Money Transfer - P2P,39412,customer,39410,customer,12850,Payment,39412,
1.80223E+22,2018-02-23 13:35:37 UTC,Money Transfer,Money Transfer - P2P,30739,customer,39136,customer,10000,Payment,30739,
1.80223E+22,2018-02-23 18:53:51 UTC,Money Transfer,Money Transfer - P2P,38935,customer,38937,customer,12100,Payment,38935,
1.80223E+22,2018-02-23 13:22:22 UTC,Money Transfer,Money Transfer - P2P,39124,customer,30739,customer,23000,Payment,39124,
1.80223E+22,2018-02-23 18:16:22 UTC,Money Transfer,Money Transfer - P2P,38922,customer,38925,customer,12100,Payment,38922,
1.80223E+22,2018-02-23 17:58:24 UTC,Money Transfer,Money Transfer - P2P,39199,customer,38851,customer,12000,Payment,39199,
1.80223E+22,2018-02-23 21:11:13 UTC,Money Transfer,Money Transfer - P2P,39413,customer,39412,customer,13000,Payment,39413,
1.80223E+22,2018-02-23 21:02:36 UTC,Money Transfer,Money Transfer - P2P,39416,customer,39414,customer,13000,Payment,39416,
1.80223E+22,2018-02-23 10:07:55 UTC,Money Transfer,Money Transfer - P2P,39004,customer,30739,customer,10000,Payment,39004,
1.80223E+22,2018-02-23 17:27:26 UTC,Money Transfer,Money Transfer - P2P,39386,customer,38907,customer,25000,Payment,39386,
1.80223E+22,2018-02-23 21:31:48 UTC,Money Transfer,Money Transfer - P2P,39408,customer,39407,customer,13000,Payment,39408,
1.80223E+22,2018-02-23 17:56:12 UTC,Money Transfer,Money Transfer - P2P,39199,customer,39229,customer,48000,Payment,39199,
1.80223E+22,2018-02-23 20:15:37 UTC,Money Transfer,Money Transfer - P2P,39086,customer,39090,customer,12100,Payment,39086,
1.80223E+22,2018-02-23 17:08:44 UTC,Money Transfer,Money Transfer - P2P,38851,customer,39199,customer,60000,Payment,38851,
1.80223E+22,2018-02-23 13:20:42 UTC,Money Transfer,Money Transfer - P2P,30739,customer,39124,customer,10000,Payment,30739,
1.80223E+22,2018-02-23 10:20:17 UTC,Money Transfer,Money Transfer - P2P,39024,customer,30739,customer,10000,Payment,39024,
1.80223E+22,2018-02-23 08:47:07 UTC,Money Transfer,Money Transfer - P2P,38912,customer,30739,customer,12100,Payment,38912,
1.80223E+22,2018-02-23 14:05:33 UTC,Money Transfer,Money Transfer - P2P,39156,customer,39136,customer,60000,Payment,39156,
1.80223E+22,2018-02-23 13:36:37 UTC,Money Transfer,Money Transfer - P2P,39136,customer,30739,customer,22000,Payment,39136,
1.80223E+22,2018-02-23 21:35:35 UTC,Money Transfer,Money Transfer - P2P,39407,customer,35804,customer,13000,Payment,39407,
1.80223E+22,2018-02-23 09:30:42 UTC,Money Transfer,Money Transfer - P2P,38962,customer,30739,customer,12100,Payment,38962,
1.80223E+22,2018-02-23 12:57:59 UTC,Money Transfer,Money Transfer - P2P,30739,customer,39111,customer,60000,Payment,30739,
1.80223E+22,2018-02-23 15:55:48 UTC,Money Transfer,Money Transfer - P2P,39254,customer,38851,customer,81685,Payment,39254,
1.80223E+22,2018-02-23 13:45:40 UTC,Money Transfer,Money Transfer - P2P,39137,customer,30739,customer,12000,Payment,39137,
1.80223E+22,2018-02-23 13:05:40 UTC,Money Transfer,Money Transfer - P2P,30739,customer,39111,customer,10000,Payment,30739,
1.80223E+22,2018-02-23 09:55:33 UTC,TopUp,Direct Phone Topup - Mobifone,21731,customer,28,agent,19000,Payment,21731,
1.80223E+22,2018-02-23 11:51:37 UTC,TopUp,Direct Phone Topup - Mobifone,24633,customer,28,agent,19000,Payment,24633,
1.80223E+22,2018-02-23 18:07:07 UTC,TopUp,Direct Phone Topup - Mobifone,32924,customer,28,agent,9500,Payment,32924,
1.80223E+22,2018-02-23 20:04:23 UTC,TopUp,Direct Phone Topup - Mobifone,39087,customer,28,agent,47500,Payment,39087,
1.80223E+22,2018-02-23 20:05:06 UTC,TopUp,Direct Phone Topup - Mobifone,39090,customer,28,agent,47500,Payment,39090,
1.80223E+22,2018-02-23 11:12:28 UTC,TopUp,Direct Phone Topup - Mobifone,1611,customer,28,agent,190000,Payment,1611,
1.80223E+22,2018-02-23 12:59:14 UTC,TopUp,Direct Phone Topup - Mobifone,16513,customer,28,agent,95000,Payment,16513,
1.80223E+22,2018-02-23 15:57:35 UTC,TopUp,Direct Phone Topup - Vinaphone,38308,customer,28,agent,9460,Payment,38308,
1.80223E+22,2018-02-24 00:49:11 UTC,TopUp,Direct Phone Topup - Vinaphone,28315,customer,28,agent,47300,Payment,28315,
1.80223E+22,2018-02-23 08:54:20 UTC,TopUp,Direct Phone Topup - Vinaphone,5525,customer,28,agent,47300,Payment,5525,
1.80223E+22,2018-02-23 16:26:32 UTC,TopUp,Direct Phone Topup - Vinaphone,29865,customer,28,agent,9460,Payment,29865,
1.80223E+22,2018-02-23 11:50:55 UTC,TopUp,Direct Phone Topup - Vietnamobile,234,customer,28,agent,46750,Payment,234,
1.80223E+22,2018-02-23 19:17:09 UTC,TopUp,Direct Phone Topup - Vietnamobile,26149,customer,28,agent,9350,Payment,26149,
1.80223E+22,2018-02-23 11:05:17 UTC,Promotion,True Gift - Receive,29,agent,36892,customer,16000,Payment,36892,
1.80223E+22,2018-02-23 13:16:43 UTC,Promotion,True Gift - Receive,29,agent,39129,customer,50000,Payment,39129,
1.80223E+22,2018-02-23 19:14:08 UTC,Promotion,True Gift - Receive,29,agent,39111,customer,25000,Payment,39111,
1.80223E+22,2018-02-23 13:53:26 UTC,Promotion,True Gift - Receive,29,agent,16932,customer,10000,Payment,16932,
1.80223E+22,2018-02-23 15:08:05 UTC,Promotion,True Gift - Receive,29,agent,39223,customer,50000,Payment,39223,
1.80223E+22,2018-02-23 07:05:06 UTC,Promotion,True Gift - Receive,29,agent,36914,customer,12000,Payment,36914,
1.80223E+22,2018-02-23 14:47:14 UTC,Promotion,True Gift - Receive,29,agent,39201,customer,12000,Payment,39201,
1.80223E+22,2018-02-23 11:01:38 UTC,Promotion,True Gift - Receive,29,agent,28191,customer,47550,Payment,28191,
1.80223E+22,2018-02-23 09:41:26 UTC,Promotion,True Gift - Receive,29,agent,38980,customer,50000,Payment,38980,
1.80223E+22,2018-02-23 11:07:43 UTC,Promotion,True Gift - Receive,29,agent,39025,customer,50000,Payment,39025,
1.80223E+22,2018-02-23 23:11:40 UTC,Promotion,True Gift - Receive,29,agent,39470,customer,50000,Payment,39470,
1.80223E+22,2018-02-23 08:57:53 UTC,Promotion,True Gift - Receive,29,agent,37780,customer,12000,Payment,37780,
1.80223E+22,2018-02-23 16:48:26 UTC,Promotion,True Gift - Receive,29,agent,39360,customer,50000,Payment,39360,
1.80223E+22,2018-02-23 14:02:24 UTC,Promotion,True Gift - Receive,29,agent,39158,customer,50000,Payment,39158,
1.80223E+22,2018-02-23 14:06:27 UTC,Promotion,True Gift - Receive,29,agent,39166,customer,50000,Payment,39166,
1.80223E+22,2018-02-23 14:49:53 UTC,Promotion,True Gift - Receive,29,agent,37921,customer,12000,Payment,37921,
1.80223E+22,2018-02-23 12:41:48 UTC,Promotion,True Gift - Receive,29,agent,39079,customer,55800,Payment,39079,
1.80223E+22,2018-02-23 09:48:12 UTC,Promotion,True Gift - Receive,29,agent,38990,customer,50000,Payment,38990,
1.80223E+22,2018-02-23 17:03:50 UTC,Promotion,True Gift - Receive,29,agent,39379,customer,50000,Payment,39379,
1.80223E+22,2018-02-23 14:29:31 UTC,Promotion,True Gift - Receive,29,agent,39194,customer,50000,Payment,39194,
1.80223E+22,2018-02-23 16:42:19 UTC,Promotion,True Gift - Receive,29,agent,39348,customer,50000,Payment,39348,
1.80223E+22,2018-02-23 15:18:53 UTC,Promotion,True Gift - Receive,29,agent,39232,customer,50000,Payment,39232,
1.80223E+22,2018-02-23 14:57:53 UTC,Promotion,True Gift - Receive,29,agent,39207,customer,50000,Payment,39207,
1.80223E+22,2018-02-23 19:12:59 UTC,Promotion,True Gift - Receive,29,agent,38981,customer,25000,Payment,38981,
1.80223E+22,2018-02-23 23:29:07 UTC,Promotion,True Gift - Receive,29,agent,39484,customer,58000,Payment,39484,
1.80223E+22,2018-02-23 07:40:10 UTC,Promotion,True Gift - Receive,29,agent,36866,customer,12000,Payment,36866,
1.80223E+22,2018-02-23 08:49:56 UTC,Promotion,True Gift - Receive,29,agent,38917,customer,50000,Payment,38917,
1.80223E+22,2018-02-23 13:55:02 UTC,Promotion,True Gift - Receive,29,agent,37927,customer,12000,Payment,37927,
1.80223E+22,2018-02-23 09:47:26 UTC,Promotion,True Gift - Receive,29,agent,38988,customer,50000,Payment,38988,
1.80223E+22,2018-02-23 23:04:45 UTC,Promotion,True Gift - Receive,29,agent,39459,customer,50000,Payment,39459,
1.80223E+22,2018-02-23 11:48:30 UTC,Promotion,True Gift - Receive,29,agent,39039,customer,50000,Payment,39039,
1.80223E+22,2018-02-23 16:23:37 UTC,Promotion,True Gift - Receive,29,agent,39323,customer,50000,Payment,39323,
1.80223E+22,2018-02-23 23:21:51 UTC,Promotion,True Gift - Receive,29,agent,39478,customer,50000,Payment,39478,
1.80223E+22,2018-02-24 01:11:12 UTC,Promotion,True Gift - Receive,29,agent,39527,customer,57000,Payment,39527,
1.80223E+22,2018-02-23 11:13:06 UTC,Promotion,True Gift - Receive,29,agent,39019,customer,50000,Payment,39019,
1.80223E+22,2018-02-23 23:42:41 UTC,Promotion,True Gift - Receive,29,agent,39488,customer,57000,Payment,39488,
1.80223E+22,2018-02-23 08:15:47 UTC,Promotion,True Gift - Receive,29,agent,37791,customer,12000,Payment,37791,
1.80223E+22,2018-02-23 23:09:20 UTC,Promotion,True Gift - Receive,29,agent,39465,customer,58000,Payment,39465,
1.80223E+22,2018-02-23 15:17:51 UTC,Promotion,True Gift - Receive,29,agent,39230,customer,50000,Payment,39230,
1.80223E+22,2018-02-23 08:36:54 UTC,Promotion,True Gift - Receive,29,agent,38901,customer,50000,Payment,38901,
1.80223E+22,2018-02-23 07:40:12 UTC,Promotion,True Gift - Receive,29,agent,38888,customer,50000,Payment,38888,
1.80223E+22,2018-02-23 08:39:56 UTC,Promotion,True Gift - Receive,29,agent,38911,customer,50000,Payment,38911,
1.80223E+22,2018-02-23 13:11:13 UTC,Promotion,True Gift - Receive,29,agent,39123,customer,12000,Payment,39123,
1.80223E+22,2018-02-23 14:35:13 UTC,Promotion,True Gift - Receive,29,agent,39188,customer,50000,Payment,39188,
1.80223E+22,2018-02-23 09:05:57 UTC,Promotion,True Gift - Receive,29,agent,28134,customer,46841,Payment,28134,
1.80223E+22,2018-02-23 07:19:58 UTC,Promotion,True Gift - Receive,29,agent,38886,customer,50000,Payment,38886,
1.80223E+22,2018-02-23 08:45:25 UTC,Promotion,True Gift - Receive,29,agent,38916,customer,50000,Payment,38916,
1.80223E+22,2018-02-23 09:32:24 UTC,Promotion,True Gift - Receive,29,agent,38971,customer,50000,Payment,38971,
1.80223E+22,2018-02-23 09:22:14 UTC,Promotion,True Gift - Receive,29,agent,38959,customer,50000,Payment,38959,
1.80223E+22,2018-02-23 08:57:31 UTC,Promotion,True Gift - Receive,29,agent,38929,customer,50000,Payment,38929,
1.80223E+22,2018-02-23 07:58:38 UTC,Promotion,True Gift - Receive,29,agent,37800,customer,12000,Payment,37800,
1.80223E+22,2018-02-23 17:12:37 UTC,Promotion,True Gift - Receive,29,agent,39381,customer,50000,Payment,39381,
1.80223E+22,2018-02-23 23:29:02 UTC,Promotion,True Gift - Receive,29,agent,39481,customer,57000,Payment,39481,
1.80223E+22,2018-02-23 14:22:57 UTC,Promotion,True Gift - Receive,29,agent,39187,customer,50000,Payment,39187,
1.80223E+22,2018-02-23 11:19:46 UTC,Promotion,True Gift - Receive,29,agent,39033,customer,50000,Payment,39033,
1.80223E+22,2018-02-23 16:02:46 UTC,Promotion,True Gift - Receive,29,agent,39292,customer,50000,Payment,39292,
1.80223E+22,2018-02-23 23:27:53 UTC,Promotion,True Gift - Receive,29,agent,39480,customer,8000,Payment,39480,
1.80223E+22,2018-02-23 17:03:06 UTC,Promotion,True Gift - Receive,29,agent,39375,customer,50000,Payment,39375,
1.80223E+22,2018-02-23 11:51:11 UTC,Promotion,True Gift - Receive,29,agent,39036,customer,50000,Payment,39036,
1.80223E+22,2018-02-23 19:12:02 UTC,Promotion,True Gift - Receive,29,agent,38947,customer,25000,Payment,38947,
1.80223E+22,2018-02-23 09:46:06 UTC,Promotion,True Gift - Receive,29,agent,38984,customer,50000,Payment,38984,
1.80223E+22,2018-02-23 23:05:30 UTC,Promotion,True Gift - Receive,29,agent,39462,customer,50000,Payment,39462,
1.80223E+22,2018-02-23 15:08:34 UTC,Promotion,True Gift - Receive,29,agent,39219,customer,50000,Payment,39219,
1.80223E+22,2018-02-23 11:46:04 UTC,Promotion,True Gift - Receive,29,agent,39041,customer,50000,Payment,39041,
1.80223E+22,2018-02-23 09:18:37 UTC,Promotion,True Gift - Receive,29,agent,38955,customer,50000,Payment,38955,
1.80223E+22,2018-02-23 09:26:44 UTC,Promotion,True Gift - Receive,29,agent,38965,customer,50000,Payment,38965,
1.80223E+22,2018-02-23 07:22:05 UTC,Promotion,True Gift - Receive,29,agent,36857,customer,12000,Payment,36857,
1.80223E+22,2018-02-23 19:13:12 UTC,Promotion,True Gift - Receive,29,agent,38991,customer,25000,Payment,38991,
1.80223E+22,2018-02-23 16:10:08 UTC,Promotion,True Gift - Receive,29,agent,39305,customer,50000,Payment,39305,
1.80223E+22,2018-02-23 09:44:59 UTC,Promotion,True Gift - Receive,29,agent,38986,customer,50000,Payment,38986,
1.80223E+22,2018-02-23 16:04:25 UTC,Promotion,True Gift - Receive,29,agent,39291,customer,50000,Payment,39291,
1.80223E+22,2018-02-23 15:00:14 UTC,Promotion,True Gift - Receive,29,agent,38960,customer,50000,Payment,38960,
1.80223E+22,2018-02-23 11:56:21 UTC,Promotion,True Gift - Receive,29,agent,36989,customer,12000,Payment,36989,
1.80223E+22,2018-02-23 10:47:06 UTC,Promotion,True Gift - Receive,29,agent,37737,customer,12000,Payment,37737,
1.80223E+22,2018-02-23 11:26:37 UTC,Promotion,True Gift - Receive,29,agent,39049,customer,50000,Payment,39049,
1.80223E+22,2018-02-23 10:47:39 UTC,Promotion,True Gift - Receive,29,agent,37737,customer,30000,Payment,37737,
1.80223E+22,2018-02-23 19:20:33 UTC,Promotion,True Gift - Receive,29,agent,37725,customer,12000,Payment,37725,
1.80223E+22,2018-02-23 23:19:04 UTC,Promotion,True Gift - Receive,29,agent,39473,customer,58000,Payment,39473,
1.80223E+22,2018-02-23 16:35:40 UTC,Promotion,True Gift - Receive,29,agent,39344,customer,50000,Payment,39344,
1.80223E+22,2018-02-23 16:29:20 UTC,Promotion,True Gift - Receive,29,agent,39336,customer,50000,Payment,39336,
1.80223E+22,2018-02-23 16:14:13 UTC,Promotion,True Gift - Receive,29,agent,39307,customer,50000,Payment,39307,
1.80223E+22,2018-02-23 11:19:56 UTC,Promotion,True Gift - Receive,29,agent,39059,customer,50000,Payment,39059,
1.80223E+22,2018-02-23 13:02:44 UTC,Promotion,True Gift - Receive,29,agent,37946,customer,12000,Payment,37946,
1.80223E+22,2018-02-23 09:18:27 UTC,Promotion,True Gift - Receive,29,agent,38952,customer,50000,Payment,38952,
1.80223E+22,2018-02-23 13:25:37 UTC,Promotion,True Gift - Receive,29,agent,39101,customer,50000,Payment,39101,
1.80223E+22,2018-02-23 17:03:28 UTC,Promotion,True Gift - Receive,29,agent,39376,customer,50000,Payment,39376,
1.80223E+22,2018-02-23 14:14:04 UTC,Promotion,True Gift - Receive,29,agent,39178,customer,50000,Payment,39178,
1.80223E+22,2018-02-23 16:52:53 UTC,Promotion,True Gift - Receive,29,agent,39174,customer,50000,Payment,39174,
1.80223E+22,2018-02-23 23:05:31 UTC,Promotion,True Gift - Receive,29,agent,39462,customer,7000,Payment,39462,
1.80223E+22,2018-02-23 16:10:03 UTC,Promotion,True Gift - Receive,29,agent,39304,customer,50000,Payment,39304,
1.80223E+22,2018-02-23 15:43:27 UTC,Promotion,True Gift - Receive,29,agent,16748,customer,20000,Payment,16748,
1.80223E+22,2018-02-23 14:34:18 UTC,Promotion,True Gift - Receive,29,agent,39195,customer,50000,Payment,39195,
1.80223E+22,2018-02-23 11:02:10 UTC,Promotion,True Gift - Receive,29,agent,39007,customer,50000,Payment,39007,
1.80223E+22,2018-02-23 07:10:59 UTC,Promotion,True Gift - Receive,29,agent,36908,customer,12000,Payment,36908,
1.80223E+22,2018-02-23 21:53:11 UTC,Promotion,True Gift - Receive,29,agent,39438,customer,50000,Payment,39438,
1.80223E+22,2018-02-23 09:52:28 UTC,Promotion,True Gift - Receive,29,agent,38996,customer,50000,Payment,38996,
1.80223E+22,2018-02-23 13:40:49 UTC,Promotion,True Gift - Receive,29,agent,39054,customer,50000,Payment,39054,
1.80223E+22,2018-02-23 14:19:18 UTC,Promotion,True Gift - Receive,29,agent,39183,customer,50000,Payment,39183,
1.80223E+22,2018-02-23 23:23:51 UTC,Promotion,True Gift - Receive,29,agent,39482,customer,50000,Payment,39482,
1.80223E+22,2018-02-23 12:42:59 UTC,Promotion,True Gift - Receive,29,agent,37955,customer,12000,Payment,37955,
1.80223E+22,2018-02-23 08:04:29 UTC,Promotion,True Gift - Receive,29,agent,37799,customer,12000,Payment,37799,
1.80223E+22,2018-02-23 13:45:53 UTC,Promotion,True Gift - Receive,29,agent,39060,customer,50000,Payment,39060,
1.80223E+22,2018-02-24 01:01:04 UTC,Promotion,True Gift - Receive,29,agent,39522,customer,57000,Payment,39522,
1.80223E+22,2018-02-23 16:50:02 UTC,Promotion,True Gift - Receive,29,agent,39362,customer,50000,Payment,39362,
1.80223E+22,2018-02-23 16:40:02 UTC,Promotion,True Gift - Receive,29,agent,39349,customer,50000,Payment,39349,
1.80223E+22,2018-02-23 13:25:10 UTC,Promotion,True Gift - Receive,29,agent,39105,customer,50000,Payment,39105,
1.80223E+22,2018-02-23 23:04:49 UTC,Promotion,True Gift - Receive,29,agent,39461,customer,50000,Payment,39461,
1.80223E+22,2018-02-23 23:19:14 UTC,Promotion,True Gift - Receive,29,agent,39475,customer,58000,Payment,39475,
1.80223E+22,2018-02-23 19:54:50 UTC,Promotion,True Gift - Receive,29,agent,25578,customer,23780,Payment,25578,
1.80223E+22,2018-02-24 01:20:07 UTC,Promotion,True Gift - Receive,29,agent,39530,customer,57000,Payment,39530,
1.80223E+22,2018-02-23 11:14:23 UTC,Promotion,True Gift - Receive,29,agent,39026,customer,50000,Payment,39026,
1.80223E+22,2018-02-23 23:04:26 UTC,Promotion,True Gift - Receive,29,agent,39458,customer,7000,Payment,39458,
1.80223E+22,2018-02-23 11:06:08 UTC,Promotion,True Gift - Receive,29,agent,39071,customer,50000,Payment,39071,
1.80223E+22,2018-02-23 09:38:15 UTC,Promotion,True Gift - Receive,29,agent,38977,customer,50000,Payment,38977,
1.80223E+22,2018-02-23 22:51:36 UTC,Promotion,True Gift - Receive,29,agent,39456,customer,50000,Payment,39456,
1.80223E+22,2018-02-24 01:41:16 UTC,Promotion,True Gift - Receive,29,agent,39541,customer,57000,Payment,39541,
1.80223E+22,2018-02-23 15:40:44 UTC,Promotion,True Gift - Receive,29,agent,39263,customer,50000,Payment,39263,
1.80223E+22,2018-02-23 19:12:47 UTC,Promotion,True Gift - Receive,29,agent,38970,customer,25000,Payment,38970,
1.80223E+22,2018-02-23 11:20:09 UTC,Promotion,True Gift - Receive,29,agent,39058,customer,50000,Payment,39058,
1.80223E+22,2018-02-23 13:54:54 UTC,Promotion,True Gift - Receive,29,agent,39145,customer,50000,Payment,39145,
1.80223E+22,2018-02-23 07:02:54 UTC,Promotion,True Gift - Receive,29,agent,38884,customer,50000,Payment,38884,
1.80223E+22,2018-02-23 09:17:53 UTC,Promotion,True Gift - Receive,29,agent,38957,customer,50000,Payment,38957,
1.80223E+22,2018-02-23 22:03:11 UTC,Promotion,True Gift - Receive,29,agent,39443,customer,58000,Payment,39443,
1.80223E+22,2018-02-23 09:10:10 UTC,Promotion,True Gift - Receive,29,agent,38946,customer,50000,Payment,38946,
1.80223E+22,2018-02-23 15:02:30 UTC,Promotion,True Gift - Receive,29,agent,39212,customer,12000,Payment,39212,
1.80223E+22,2018-02-23 16:46:22 UTC,Promotion,True Gift - Receive,29,agent,39357,customer,50000,Payment,39357,
1.80223E+22,2018-02-23 15:51:07 UTC,Promotion,True Gift - Receive,29,agent,39279,customer,50000,Payment,39279,
1.80223E+22,2018-02-23 14:22:16 UTC,Promotion,True Gift - Receive,29,agent,38963,customer,50000,Payment,38963,
1.80223E+22,2018-02-23 16:22:09 UTC,Promotion,True Gift - Receive,29,agent,39329,customer,50000,Payment,39329,
1.80223E+22,2018-02-23 17:37:18 UTC,Promotion,True Gift - Receive,29,agent,39190,customer,50000,Payment,39190,
1.80223E+22,2018-02-24 01:11:04 UTC,Promotion,True Gift - Receive,29,agent,39526,customer,57000,Payment,39526,
1.80223E+22,2018-02-23 23:59:29 UTC,Promotion,True Gift - Receive,29,agent,39502,customer,57000,Payment,39502,
1.80223E+22,2018-02-23 15:13:50 UTC,Promotion,True Gift - Receive,29,agent,39227,customer,12000,Payment,39227,
1.80223E+22,2018-02-23 23:09:15 UTC,Promotion,True Gift - Receive,29,agent,39464,customer,58000,Payment,39464,
1.80223E+22,2018-02-23 07:26:39 UTC,Promotion,True Gift - Receive,29,agent,38887,customer,50000,Payment,38887,
1.80223E+22,2018-02-23 10:02:21 UTC,Promotion,True Gift - Receive,29,agent,39000,customer,50000,Payment,39000,
1.80223E+22,2018-02-23 20:56:54 UTC,Promotion,True Gift - Receive,29,agent,39420,customer,58000,Payment,39420,
1.80223E+22,2018-02-23 09:29:54 UTC,Promotion,True Gift - Receive,29,agent,38968,customer,50000,Payment,38968,
1.80223E+22,2018-02-23 13:28:00 UTC,Promotion,True Gift - Receive,29,agent,39135,customer,12000,Payment,39135,
1.80223E+22,2018-02-23 12:27:03 UTC,Promotion,True Gift - Receive,29,agent,39076,customer,55800,Payment,39076,
1.80223E+22,2018-02-23 12:00:56 UTC,Promotion,True Gift - Receive,29,agent,39014,customer,50000,Payment,39014,
1.80223E+22,2018-02-23 16:06:49 UTC,Promotion,True Gift - Receive,29,agent,39300,customer,50000,Payment,39300,
1.80223E+22,2018-02-23 23:12:11 UTC,Promotion,True Gift - Receive,29,agent,39472,customer,7000,Payment,39472,
1.80223E+22,2018-02-23 08:55:13 UTC,Promotion,True Gift - Receive,29,agent,38924,customer,50000,Payment,38924,
1.80223E+22,2018-02-23 15:21:43 UTC,Promotion,True Gift - Receive,29,agent,39237,customer,50000,Payment,39237,
1.80223E+22,2018-02-23 18:35:16 UTC,Promotion,True Gift - Receive,29,agent,37874,customer,12000,Payment,37874,
1.80223E+22,2018-02-23 08:30:39 UTC,Promotion,True Gift - Receive,29,agent,38906,customer,50000,Payment,38906,
1.80223E+22,2018-02-23 13:24:25 UTC,Promotion,True Gift - Receive,29,agent,39110,customer,50000,Payment,39110,
1.80223E+22,2018-02-23 13:23:21 UTC,Promotion,True Gift - Receive,29,agent,39118,customer,50000,Payment,39118,
1.80223E+22,2018-02-23 13:15:01 UTC,Promotion,True Gift - Receive,29,agent,39029,customer,50000,Payment,39029,
1.80223E+22,2018-02-23 14:06:01 UTC,Promotion,True Gift - Receive,29,agent,39161,customer,50000,Payment,39161,
1.80223E+22,2018-02-23 13:24:47 UTC,Promotion,True Gift - Receive,29,agent,39108,customer,50000,Payment,39108,
1.80223E+22,2018-02-23 08:47:55 UTC,Promotion,True Gift - Receive,29,agent,38918,customer,50000,Payment,38918,
1.80223E+22,2018-02-23 15:36:07 UTC,Promotion,True Gift - Receive,29,agent,39257,customer,50000,Payment,39257,
1.80223E+22,2018-02-23 19:12:33 UTC,Promotion,True Gift - Receive,29,agent,38962,customer,25000,Payment,38962,
1.80223E+22,2018-02-23 14:07:49 UTC,Promotion,True Gift - Receive,29,agent,39038,customer,50000,Payment,39038,